form	lemma	POS	morph
བསྡུ་	བསྡུ་	VERB
སྒྲིག་	སྒྲིག་	VERB
གསལ་	གསལ་	VERB
བཤད་	བཤད་	VERB
།		PUNCT
བསྟན་བཅོས་	བསྟན་བཅོས་	NOUN
འདི་	འདི་	DET
འི་	གི་	PART
ཁུངས་	ཁུངས་	NOUN
ནི་	ནི་	NO_POS
།		PUNCT
འབུམ་	འབུམ་	NUM
སྡེ་	སྡེ་	NOUN
གོ་	གོ་	VERB
དགུ་	དགུ་	NUM
འི་	གི་	PART
མངའ་བདག་	མངའ་བདག་	NOUN
ཀུན་མཁྱེན་	ཀུན་མཁྱེན་	OTHER
དབྱིག་གཉེན་	དབྱིག་གཉེན་	PROPN
གྱི་	གི་	PART
ཐུགས་སྲས་	ཐུགས་སྲས་	NOUN
ཚད་མ་	ཚད་མ་	NOUN
རང་	རང་	PRON
ལ་	ལ་	ADP
ས་	གིས་	PART
མཁས་པ་	མཁས་པ་	VERB
སློབ་དཔོན་	སློབ་དཔོན་	NOUN
ཕྱོགས་གླང་	ཕྱོགས་གླང་	PROPN
གིས་	གིས་	PART
མཛད་པ་	མཛད་པ་	VERB
འི་	གི་	PART
ཚད་མ་	ཚད་མ་	NOUN
མདོ་	མདོ་	NOUN
ཡིན་	ཡིན་	NO_POS
ལ་	ལ་	ADP
།		PUNCT
དེ་	དེ་	DET
འི་	གི་	PART
དོན་	དོན་	NOUN
རྒྱས་པ་	རྒྱས་པ་	VERB
ར་	ལ་	PART
མཛད་པ་	མཛད་པ་	VERB
འི་	གི་	PART
ཤིང་རྟ་	ཤིང་རྟ་	NOUN
འི་	གི་	PART
ལམ་སྲོལ་	ལམ་སྲོལ་	OTHER
ནི་	ནི་	NO_POS
རྒྱ་བོད་	རྒྱ་བོད་	PROPN
མཁས་པ་	མཁས་པ་	VERB
འི་	གི་	PART
གཙུག་	གཙུག་	NOUN
རྒྱན་	རྒྱན་	NOUN
དཔལ་	དཔལ་	OTHER
ཆོ་	ཆོ་	NOUN
ཀྱི་	གི་	PART
གྲགས་པ་	གྲགས་པ་	VERB
འི་	གི་	PART
ཚད་མ་	ཚད་མ་	NOUN
སྡེ་	སྡེ་	NOUN
བདུན་	བདུན་	NUM
ཡིན་	ཡིན་	NO_POS
།		PUNCT
སྤྱི་		
ཚད་མ་	ཚད་མ་	NOUN
འི་	གི་	PART
བསྟན་བཅོས་	བསྟན་བཅོས་	NOUN
ཀྱི་	གི་	PART
ལུས་	ལུས་	NOUN
ཡོངས་རྫོགས་	ཡོངས་རྫོགས་	OTHER
མངོན་སུམ་	མངོན་སུམ་	NOUN
དང་	དང་	NO_POS
།		PUNCT
རང་དོན་	རང་དོན་	NOUN
རྗེས་	རྗེས་	NOUN
དཔགགཞན་		NON_WORD
དོན་	དོན་	NOUN
རྗེས་དཔག་	རྗེས་དཔག་	OTHER
གི་	གི་	PART
ལེའུ་	ལེའུ་	NOUN
སྟེ་	སྟེ་	PART
དེ་	དེ་	DET
གསུམ་	གསུམ་	NUM
དུ་	ལ་	PART
འདུས་པ་	འདུས་པ་	VERB
ས་	གིས་	PART
ན་	ན་	ADP
།		PUNCT
བཀྲལ་	བཀྲལ་	NO_POS
བྱ་	བྱ་	VERB
ཚད་མ་	ཚད་མ་	NOUN
རྣམ་པ་	རྣམ་པ་	NOUN
ར་	ལ་	PART
ངེས་པ་	ངེས་པ་	VERB
ནི་	ནི་	NO_POS
ཚད་མ་	ཚད་མ་	NOUN
འི་	གི་	PART
ལུས་	ལུས་	NOUN
ཡོངས་སུ་	ཡོངས་སུ་	NO_POS
རྫོགས་པ་	རྫོགས་པ་	VERB
འི་	གི་	PART
བསྟན་བཅོས་	བསྟན་བཅོས་	NOUN
རྨད་	རྨད་	VERB
དུ་	ལ་	PART
བྱུང་བ་	བྱུང་བ་	VERB
ཞིག་	ཅིག་	PART
ཡིན་	ཡིན་	NO_POS
།		PUNCT
དེ་	དེ་	DET
ལ་	ལ་	ADP
འང་	ཀྱང་	PART
སྔ་	སྔ་	ADV
འགྲེལ་	འགྲེལ་	NOUN
རྒྱ་གར་	རྒྱ་གར་	PROPN
མཁས་པ་	མཁས་པ་	VERB
འི་	གི་	PART
བསྟན་བཅོས་	བསྟན་བཅོས་	NOUN
ཇི་སྙེད་	ཇི་སྙེད་	OTHER
ཡོད་པ་	ཡོད་པ་	VERB
རྣམས་	རྣམས་	DET
ཀྱི་	གི་	PART
རྩ་འགྲེལ་	རྩ་འགྲེལ་	NOUN
ཤིན་ཏུ་	ཤིན་ཏུ་	NO_POS
བརླིང་བ་	བརླིང་བ་	VERB
འི་	གི་	PART
གོ་བ་	གོ་བ་	VERB
ར་	ལ་	PART
དཀའ་བ་	དཀའ་བ་	VERB
ཙམ་	ཙམ་	DET
དུ་མ་	དུ་མ་	ADJ
ཟད་	ཟད་	VERB
འགྲེལ་བཤད་	འགྲེལ་བཤད་	NOUN
དག་	དག་	DET
ཏུ་	ལ་	PART
མ་	མ་	PART
ཐོན་པ་	ཐོན་པ་	VERB
འི་	གི་	PART
ལེགས་པ་	ལེགས་པ་	VERB
ར་	ལ་	PART
བཤད་པ་	བཤད་པ་	VERB
མང་པོ་	མང་པོ་	ADJ
དག་	དག་	DET
ཇི་ལྟ་		
ཡོད་པ་	ཡོད་པ་	VERB
འི་	གི་	PART
ཚུལ་	ཚུལ་	NOUN
ནི་	ནི་	NO_POS
།		PUNCT
ལོ་ཙཱ་བ་	ལོ་ཙཱ་བ་	NOUN
ཆེན་པོ་	ཆེན་པོ་	ADJ
ས་	གིས་	PART
།		PUNCT
ཇི་སྐད་	ཇི་སྐད་	NO_POS
དུ་	ལ་	PART
།		PUNCT
གཞུང་	གཞུང་	NOUN
རྩོམ་	རྩོམ་	VERB
རྣམས་	རྣམས་	DET
ཀྱི་	གི་	PART
བློ་	བློ་	NOUN
ལ་	ལ་	ADP
ཡང་	ཀྱང་	PART
། །		PUNCT
ཇི་བཞིན་	ཇི་བཞིན་	OTHER
ལེགས་པ་	ལེགས་པ་	VERB
ར་	ལ་	PART
མི་	མི་	PART
གསལ་བ་	གསལ་བ་	VERB
། །		PUNCT
ཚད་མ་	ཚད་མ་	NOUN
འི་	གི་	PART
དེ་ཉིད་	དེ་ཉིད་	NOUN
དཀའ་བ་	དཀའ་བ་	VERB
རྣམས་	རྣམས་	DET
། །		PUNCT
ཇི་བཞིན་	ཇི་བཞིན་	OTHER
དུ་	ལ་	PART
ནི་	ནི་	NO_POS
འདི་	འདི་	DET
ར་	ལ་	PART
ངེས་	ངེས་	VERB
བྱ་	བྱ་	VERB
། །		PUNCT
ཞེ་	ཅེས་	PART
རྩོམ་པ་	རྩོམ་པ་	VERB
དམ་བཅ་	དམ་བཅའ་	NOUN
ས་	གིས་	PART
ན་	ནས་	PART
ཚད་མ་	ཚད་མ་	NOUN
འི་	གི་	PART
བསྟན་བཅོས་	བསྟན་བཅོས་	NOUN
སོགས་	སོགས་	DET
གཞུང་	གཞུང་	NOUN
ཕྲན་	ཕྲན་	OTHER
མང་པོ་	མང་པོ་	ADJ
མཛད་	མཛད་	VERB
།		PUNCT
དེ་ལྟ་	དེ་ལྟ་	NO_POS
མཛད་པ་	མཛད་པ་	VERB
ནི་	ནི་	NO_POS
བོད་ཡུལ་	བོད་ཡུལ་	PROPN
དུ་	ལ་	PART
རྟོག་གེ་	རྟོག་གེ་	NOUN
ཚད་མ་	ཚད་མ་	NOUN
འི་	གི་	PART
སྲོལ་འབྱེད་	སྲོལ་འབྱེད་	NOUN
ཀྱི་	གི་	PART
ཐོག་མ་	ཐོག་མ་	NOUN
སྟེ་	སྟེ་	PART
གཞན་	གཞན་	DET
དེ་ལས་	དེ་ལས་	NO_POS
སྔ་བ་	སྔ་བ་	VERB
བྱུང་	བྱུང་	VERB
མེད་	མེད་	VERB
།		PUNCT
བོད་	བོད་	PROPN
དུ་	ལ་	PART
རྟོག་གེ་	རྟོག་གེ་	NOUN
ཚད་མ་	ཚད་མ་	NOUN
འི་	གི་	PART
སྲོལ་	སྲོལ་	NOUN
ཐོག་མ་	ཐོག་མ་	NOUN
ར་	ལ་	PART
འབྱེད་པ་	འབྱེད་པ་	VERB
པོ་	པོ་	PART
རྔོག་	རྔོག་	PROPN
ལོ་ཙཱ་བ་	ལོ་ཙཱ་བ་	NOUN
བློ་ལྡན་	བློ་ལྡན་	NOUN
ཤེས་རབ་	ཤེས་རབ་	NOUN
ནི་	ནི་	NO_POS
།		PUNCT
བོད་	བོད་	PROPN
ཀྱི་	གི་	PART
རབ་བྱུང་	རབ་བྱུང་	NOUN
དང་པོ་	དང་པོ་	ADJ
འི་	གི་	PART
ས་ཕག་	ས་ཕག་	NO_POS
		
		
		
ལོ་	ལོ་	NOUN
ར་	ལ་	PART
འཁྲུངས་	འཁྲུངས་	NO_POS
ཤིང་	ཅིང་	PART
།		PUNCT
རབ་བྱུང་	རབ་བྱུང་	NOUN
གཉིས་པ་	གཉིས་པ་	NUM
འི་	གི་	PART
ས་གླང་	ས་གླང་	NO_POS
		
		
		
ལོ་	ལོ་	NOUN
ར་	ལ་	PART
སྐུ་གཤེགས་	སྐུ་གཤེགས་	NO_POS
།		PUNCT
རང་ཉིད་	རང་ཉིད་	OTHER
ཀྱི་	གི་	PART
ཁུ་བོ་	ཁུ་བོ་	OTHER
རྔོག་	རྔོག་	PROPN
ལེགས་པ་	ལེགས་པ་	VERB
འི་	གི་	PART
ཤེས་རབ་	ཤེས་རབ་	NOUN
ཀྱིས་	གིས་	PART
ཕྱི་ལོ་	ཕྱི་ལོ་	OTHER
		
		
		
ལོ་	ལོ་	NOUN
ར་	ལ་	PART
ཕྱག་	ཕྱག་	NOUN
བཏབ་པ་	བཏབ་པ་	VERB
འི་	གི་	PART
གསང་ཕུ་	གསང་ཕུ་	NO_POS
ར་	ལ་	PART
ཆོ་	ཆོ་	NOUN
ཞུགས་	ཞུགས་	VERB
མཛད་	མཛད་	VERB
།		PUNCT
དེ་ནས་	དེ་ནས་	NO_POS
ཁུ་བོ་	ཁུ་བོ་	OTHER
འི་	གི་	PART
ལམ་	གམ་	PART
སྟོན་	སྟོན་	VERB
ལྟ་	ལྟ་	OTHER
རྒྱ་གར་	རྒྱ་གར་	PROPN
དང་ཁ་	དང་ཁ་	NO_POS
ཆེ་	ཆེ་	VERB
ར་	ལ་	PART
ལོ་	ལོ་	NOUN
བཅུ་བདུན་	བཅུ་བདུན་	NO_POS
གྱི་	གི་	PART
རིང་	རིང་	NOUN
མདོ་སྔགས་	མདོ་སྔགས་	NOUN
སྒྲ་ཚད་	སྒྲ་ཚད་	NOUN
སོགས་	སོགས་	DET
ལ་	ལ་	ADP
དཀའ་སྤྱད་	དཀའ་སྤྱད་	NOUN
ཐུགས་	ཐུགས་	NOUN
བརྩོན་	བརྩོན་	VERB
བློ་ཡུལ་	བློ་ཡུལ་	NO_POS
དུ་	ལ་	PART
མི་	མི་	PART
ཤོང་བ་	ཤོང་བ་	VERB
ར་	ལ་	PART
གསན་བཞེས་	གསན་བཞེས་	NO_POS
བརྐྱངས་པ་	བརྐྱངས་པ་	NO_POS
ས་	གིས་	PART
མཁས་པ་	མཁས་པ་	VERB
འི་	གི་	PART
རྩེ་མོ་	རྩེ་མོ་	NOUN
ར་	ལ་	PART
སོན་	སོན་	VERB
།		PUNCT
དགུང་ལོ་	དགུང་ལོ་	NOUN
སོ་	སོ་	PART
ལྔ་པ་	ལྔ་པ་	NUM
		
		
		
ལོ་	ལོ་	NOUN
ར་	ལ་	PART
བོད་	བོད་	PROPN
དུ་	ལ་	PART
ཕྱིར་ཕེབས་	ཕྱིར་ཕེབས་	NO_POS
མཛད་	མཛད་	VERB
།		PUNCT
བཀའ་	བཀའ་	NOUN
བསྟན་བཅོས་	བསྟན་བཅོས་	NOUN
ཤོ་ལོ་	ཤོ་ལོ་	NO_POS
ཀ་	ཀ་	DET
འབུམ་	འབུམ་	NUM
ལྷག་པ་		
བསྒྱུར་	བསྒྱུར་	VERB
ཡོད་པ་	ཡོད་པ་	VERB
འང་	ཀྱང་	PART
གྲོ་ལུང་པ་	གྲོ་ལུང་པ་	OTHER
ས་	གིས་	PART
མཛད་པ་	མཛད་པ་	VERB
འི་	གི་	PART
འཇིག་རྟེན་	འཇིག་རྟེན་	NOUN
མིག་	མིག་	NOUN
གཅིག་	གཅིག་	NUM
བློ་ལྡན་	བློ་ལྡན་	NOUN
ཤེས་རབ་	ཤེས་རབ་	NOUN
ཀྱི་	གི་	PART
རྣམ་ཐར་	རྣམ་ཐར་	NOUN
ལ་	ལ་	ADP
ས་	གིས་	PART
།		PUNCT
དམ་ཆོས་	དམ་ཆོས་	NOUN
བསྒྱུར་	བསྒྱུར་	VERB
ལ་	ལ་	ADP
མངའ་	མངའ་	VERB
བརྙེས་པ་	བརྙེས་པ་	VERB
། །		PUNCT
རྒྱལ་ཡུམ་	རྒྱལ་ཡུམ་	OTHER
གཉིས་	གཉིས་	NUM
དང་	དང་	NO_POS
བསྟན་བཅོས་	བསྟན་བཅོས་	NOUN
གཞུང་	གཞུང་	NOUN
། །		PUNCT
འབུམ་ཕྲག་	འབུམ་ཕྲག་	OTHER
གཅིག་	གཅིག་	NUM
དང་	དང་	NO_POS
ཁྲི་ཕྲག་	ཁྲི་ཕྲག་	NO_POS
གསུམ་	གསུམ་	NUM
། །		PUNCT
སྟོང་ཕྲག་	སྟོང་ཕྲག་	OTHER
བདུན་	བདུན་	NUM
ནི་	ནི་	NO_POS
ལྷག་བཅས་	ལྷག་བཅས་	PART
བསྒྱུར་	བསྒྱུར་	VERB
། །		PUNCT
ཞེ་	ཅེས་	PART
གསུངས་	གསུངས་	VERB
།		PUNCT
ཁོང་	ཁོང་	PRON
གི་	གི་	PART
བརྩམས་	བརྩམས་	VERB
ཆོ་	ཆོ་	NOUN
ནི་	ནི་	NO_POS
རྣམ་ཐར་	རྣམ་ཐར་	NOUN
དང་	དང་	NO_POS
དཀར་ཆག་	དཀར་ཆག་	NOUN
ཁག་	ཁག་	NOUN
ཏུ་	ལ་	PART
གསལ་བ་	གསལ་བ་	VERB
ལྟ་	ལྟ་	OTHER
ན་	ན་	ADP
།		PUNCT
ཚད་མ་	ཚད་མ་	NOUN
འི་	གི་	PART
གཞུང་འགྲེལ་	གཞུང་འགྲེལ་	NOUN
ལ་	ལ་	ADP
།		PUNCT
ཚད་མ་	ཚད་མ་	NOUN
རྣམ་པ་	རྣམ་པ་	NOUN
ར་	ལ་	PART
ངེས་པ་	ངེས་པ་	VERB
འི་	གི་	PART
བསྡུས་དོན་	བསྡུས་དོན་	NOUN
དང་	དང་	NO_POS
རྣམ་བཤད་	རྣམ་བཤད་	NOUN
ཆེན་	ཆེན་	NO_POS
མོ་	མོ་	PRON
།		PUNCT
རིགས་ཐིགས་	རིགས་ཐིགས་	OTHER
ཀྱི་	གི་	PART
འགྲེལ་པ་	འགྲེལ་པ་	NOUN
དང་	དང་	NO_POS
བཅས་པ་	བཅས་པ་	VERB
འི་	གི་	PART
བསྡུས་དོན་	བསྡུས་དོན་	NOUN
།		PUNCT
ལེའུ་	ལེའུ་	NOUN
དང་པོ་	དང་པོ་	ADJ
འི་	གི་	PART
སྟོད་	སྟོད་	NOUN
ཅུང་ཟད་	ཅུང་ཟད་	ADV
ཀྱི་	གི་	PART
རྣམ་བཤད་	རྣམ་བཤད་	NOUN
།		PUNCT
ཆོས་མཆོག་	ཆོས་མཆོག་	PROPN
ཆེན་པོ་	ཆེན་པོ་	ADJ
འི་	གི་	PART
ངག་	ངག་	NOUN
དང་པོ་	དང་པོ་	ADJ
འི་	གི་	PART
ཚིགས་	ཚིགས་	NOUN
སུ་	སུ་	ADP
བཅད་པ་	བཅད་པ་	VERB
བདུན་	བདུན་	NUM
གྱི་	གི་	PART
བཤད་པ་	བཤད་པ་	VERB
དང་	དང་	NO_POS
།		PUNCT
དེ་	དེ་	DET
འི་	གི་	PART
གཞན་སེལ་བ་	གཞན་སེལ་བ་	NO_POS
འི་	གི་	PART
སྐབས་	སྐབས་	NOUN
ཅུང་ཟད་	ཅུང་ཟད་	ADV
བཤད་པ་	བཤད་པ་	VERB
།		PUNCT
ཆོས་མཆོག་	ཆོས་མཆོག་	PROPN
གི་	གི་	PART
ཚད་མ་	ཚད་མ་	NOUN
བརྟག་པ་	བརྟག་པ་	VERB
ཆུང་ངུ་	ཆུང་ངུ་	ADJ
འི་	གི་	PART
བསྡུས་དོན་	བསྡུས་དོན་	NOUN
།		PUNCT
སེལ་བ་	སེལ་བ་	VERB
སྒྲུབ་པ་	སྒྲུབ་པ་	VERB
འི་	གི་	PART
བསྡུས་དོན་	བསྡུས་དོན་	NOUN
དང་	དང་	NO_POS
སྟོད་	སྟོད་	NOUN
ཀྱི་	གི་	PART
བཤད་པ་	བཤད་པ་	VERB
དང་	དང་	NO_POS
།		PUNCT
སྐད་ཅིག་	སྐད་ཅིག་	OTHER
འཇིག་པ་	འཇིག་པ་	VERB
སྒྲུབ་པ་	སྒྲུབ་པ་	VERB
འི་	གི་	PART
བསྡུས་དོན་	བསྡུས་དོན་	NOUN
དང་	དང་	NO_POS
།		PUNCT
བྲམ་ཟེ་	བྲམ་ཟེ་	NOUN
ཆེན་པོ་	ཆེན་པོ་	ADJ
འི་	གི་	PART
སེལ་བ་	སེལ་བ་	VERB
སྒྲུབ་པ་	སྒྲུབ་པ་	VERB
འི་	གི་	PART
བསྡུས་དོན་	བསྡུས་དོན་	NOUN
དང་	དང་	NO_POS
སྟོད་	སྟོད་	NOUN
ཀྱི་	གི་	PART
རྣམ་བཤད་	རྣམ་བཤད་	NOUN
དང་	དང་	NO_POS
།		PUNCT
འབྲེལ་བ་	འབྲེལ་བ་	VERB
སྒྲུབ་པ་	སྒྲུབ་པ་	VERB
འི་	གི་	PART
བསྡུས་དོན་	བསྡུས་དོན་	NOUN
དང་	དང་	NO_POS
སྟོད་	སྟོད་	NOUN
ཀྱི་	གི་	PART
རྣམ་པ་	རྣམ་པ་	NOUN
ར་	ལ་	PART
བཤད་པ་	བཤད་པ་	VERB
རྣམས་	རྣམས་	DET
སོ་	སོ་	PART
། །		PUNCT
བྱམས་	བྱམས་	VERB
ཆོ་	ཆོ་	NOUN
དང་	དང་	NO_POS
དབུ་མ་	དབུ་མ་	PROPN
འི་	གི་	PART
སྐོར་	སྐོར་	NOUN
ཇི་ཡོད་	ཇི་ཡོད་	NO_POS
རྣམས་	རྣམས་	DET
མཛད་	མཛད་	VERB
རྣམ་	རྣམ་	NOUN
མདོར་བསྡུས་	མདོར་བསྡུས་	OTHER
སྐབས་	སྐབས་	NOUN
སུ་	སུ་	ADP
གཟིགས་	གཟིགས་	VERB
།		PUNCT
ད་ལྟ་	ད་ལྟ་	OTHER
ང་	ང་	PRON
ཚོ་	ཚོ་	NOUN
འཚོལ་	འཚོལ་	VERB
བསྡུ་	བསྡུ་	VERB
ཐུབ་པ་	ཐུབ་པ་	VERB
ནི་	ནི་	NO_POS
།		PUNCT
བོད་ལྗོངས་	བོད་ལྗོངས་	PROPN
དཔེ་མཛོད་	དཔེ་མཛོད་	OTHER
ཁང་	ཁང་	NOUN
དུ་	ལ་	PART
བཞུགས་པ་	བཞུགས་པ་	VERB
དག་ཡིག་	དག་ཡིག་	NOUN
ཉེ་	ཉེ་	NUM
མཁོ་	མཁོ་	NO_POS
བསྡུས་པ་	བསྡུས་པ་	VERB
དང་	དང་	NO_POS
།		PUNCT
མཁན་པོ་	མཁན་པོ་	NOUN
ཚུལ་ཁྲིམས་	ཚུལ་ཁྲིམས་	NOUN
རྒྱལ་མཚན་	རྒྱལ་མཚན་	NOUN
མཆོག་	མཆོག་	ADJ
ན་	ནས་	PART
གཡའ་	གཡའ་	VERB
གནང་	གནང་	NO_POS
མཛད་པ་	མཛད་པ་	VERB
ཤེས་རབ་	ཤེས་རབ་	NOUN
སྙིང་པོ་	སྙིང་པོ་	NOUN
འི་	གི་	PART
འགྲེལ་པ་	འགྲེལ་པ་	NOUN
།		PUNCT
འབྲས་	འབྲས་	NOUN
སྤུངས་	སྤུངས་	VERB
གནས་	གནས་	NOUN
བཅུ་	བཅུ་	NUM
ལྷ་ཁང་	ལྷ་ཁང་	NOUN
དུ་	ལ་	PART
བཞུགས་པ་	བཞུགས་པ་	VERB
འི་	གི་	PART
མངོན་རྟོགས་	མངོན་རྟོགས་	NOUN
རྒྱན་	རྒྱན་	NOUN
གྱི་	གི་	PART
དཀའ་འགྲེལ་	དཀའ་འགྲེལ་	NOUN
རིན་ཆེན་	རིན་ཆེན་	OTHER
སྒྲོན་མེ་	སྒྲོན་མེ་	NOUN
དང་	དང་	NO_POS
།		PUNCT
མདོ་སྡེ་	མདོ་སྡེ་	NOUN
རྒྱན་	རྒྱན་	NOUN
གྱི་	གི་	PART
དོན་བསྡུས་	དོན་བསྡུས་	NOUN
དང་	དང་	NO_POS
།		PUNCT
དབུ་	དབུ་	NOUN
མཐའ་	མཐའ་	NOUN
རྣམ་འབྱེད་	རྣམ་འབྱེད་	NOUN
ཀྱི་	གི་	PART
དོན་བསྡུས་	དོན་བསྡུས་	NOUN
དང་	དང་	NO_POS
།		PUNCT
སྤོ་	སྤོ་	VERB
མི་	མི་	PART
སྤྱན་	སྤྱན་	NOUN
དྲུག་	དྲུག་	NUM
ལུང་	ལུང་	NOUN
དུ་	ལ་	PART
གནས་	གནས་	NOUN
སྡོད་	སྡོད་	VERB
བཀྲ་ཤིས་	བཀྲ་ཤིས་	NOUN
དབང་	དབང་	NOUN
རྒྱལ་	རྒྱལ་	VERB
ན་	ནས་	PART
མ་དཔེ་	མ་དཔེ་	OTHER
མཁོ་འདོན་	མཁོ་འདོན་	NO_POS
གནང་བ་	གནང་བ་	NO_POS
རྒྱུད་བླ་མ་	རྒྱུད་བླ་མ་	PROPN
འི་	གི་	PART
འགྲེལ་པ་	འགྲེལ་པ་	NOUN
དང་	དང་	NO_POS
།		PUNCT
རྒྱལ་	རྒྱལ་	VERB
རྩེ་	རྩེ་	NOUN
དཔལ་	དཔལ་	OTHER
འཁོར་	འཁོར་	NOUN
ཆོས་སྡེ་	ཆོས་སྡེ་	NOUN
ར་	ལ་	PART
བཞུགས་པ་	བཞུགས་པ་	VERB
ཚད་མ་	ཚད་མ་	NOUN
རྣམ་	རྣམ་	NOUN
ངེས་	ངེས་	VERB
ཀྱི་	གི་	PART
བསྡུས་དོན་	བསྡུས་དོན་	NOUN
དང་	དང་	NO_POS
།		PUNCT
སེ་ར་	སེ་ར་	OTHER
དགོན་	དགོན་	OTHER
དུ་	ལ་	PART
བཞུགས་པ་	བཞུགས་པ་	VERB
འི་	གི་	PART
ཚད་མ་	ཚད་མ་	NOUN
རྣམ་	རྣམ་	NOUN
ངེས་	ངེས་	VERB
ཀྱི་	གི་	PART
འགྲེལ་ཆེན་	འགྲེལ་ཆེན་	NOUN
དང་	དང་	NO_POS
།		PUNCT
འབྲས་	འབྲས་	NOUN
སྤུངས་	སྤུངས་	VERB
གནས་	གནས་	NOUN
བཅུ་	བཅུ་	NUM
ལྷ་ཁང་	ལྷ་ཁང་	NOUN
དུ་	ལ་	PART
བཞུགས་པ་	བཞུགས་པ་	VERB
འི་	གི་	PART
སྤྲིང་ཡིག་	སྤྲིང་ཡིག་	OTHER
བདུད་རྩི་	བདུད་རྩི་	NOUN
འི་	གི་	PART
ཐིགས་པ་	ཐིགས་པ་	OTHER
བཅའ་	བཅའ་	VERB
ཆོས་ཚན་	ཆོས་ཚན་	OTHER
དགུ་པོ་	དགུ་པོ་	NUM
འདི་	འདི་	DET
བཀའ་	བཀའ་	NOUN
གདམས་	གདམས་	NOUN
དཔེ་	དཔེ་	NOUN
དཀོན་	དཀོན་	NO_POS
གཅེས་བཏུས་	གཅེས་བཏུས་	OTHER
ཀྱི་	གི་	PART
དེབ་	དེབ་	NOUN
བཞི་པ་	བཞི་པ་	ADJ
ར་	ལ་	PART
བཞག་	བཞག་	VERB
ཡོད་	ཡོད་	VERB
།		PUNCT
སེ་ར་	སེ་ར་	OTHER
དགོན་	དགོན་	OTHER
ན་	ནས་	PART
གཡའ་	གཡའ་	VERB
གནང་	གནང་	NO_POS
ཞུས་པ་	ཞུས་པ་	VERB
འི་	གི་	PART
མ་དཔེ་	མ་དཔེ་	OTHER
འདི་	འདི་	DET
འི་	གི་	PART
མཇུག་	མཇུག་	NOUN
ན་	ནས་	PART
ལྡེབ་	ལྡེབ་	NO_POS
གསུམ་	གསུམ་	NUM
ཙམ་	ཙམ་	DET
ཚང་	ཚང་	VERB
མེད་པ་	མེད་པ་	VERB
དང་	དང་	NO_POS
།		PUNCT
ཀྲུང་	ཀྲུང་	NO_POS
གོ་	གོ་	VERB
འི་	གི་	PART
བོད་	བོད་	PROPN
ཀྱི་	གི་	PART
ཤེས་རིག་	ཤེས་རིག་	NOUN
དཔེ་སྐྲུན་	དཔེ་སྐྲུན་	OTHER
ཁང་	ཁང་	NOUN
ན་	ནས་	PART
སྤྱི་ལོ་	སྤྱི་ལོ་	NOUN
		
		
		
ལོ་	ལོ་	NOUN
ར་པ་	ར་པ་	PART
ར་	ལ་	PART
བསྐྲུན་	བསྐྲུན་	NO_POS
ཞུས་པ་	ཞུས་པ་	VERB
འི་	གི་	PART
དེབ་	དེབ་	NOUN
འདི་	འདི་	DET
འི་	གི་	PART
དབུ་	དབུ་	NOUN
ན་	ནས་	PART
ལྡེབ་	ལྡེབ་	NO_POS
གཅིག་	གཅིག་	NUM
ཚང་	ཚང་	VERB
མེད་	མེད་	VERB
ན་	ན་	ADP
འང་	ཀྱང་	PART
དེ་	དེ་	DET
གཉིས་	གཉིས་	NUM
ཕན་ཚུན་	ཕན་ཚུན་	ADV
བཏུས་	བཏུས་	NO_POS
ན་	ནས་	PART
ཆ་	ཆ་	NOUN
ཚང་བ་	ཚང་བ་	VERB
ར་	ལ་	PART
བྱ་	བྱ་	VERB
ཡོད་	ཡོད་	VERB
།		PUNCT
གོང་	གོང་	NOUN
ཞུ་	ཞུ་	VERB
ཀྱི་	གི་	PART
མ་དཔེ་	མ་དཔེ་	OTHER
འདི་	འདི་	DET
རྣམས་	རྣམས་	DET
སྤྱི་ལོ་	སྤྱི་ལོ་	NOUN
འི་	གི་	PART
དུས་རབས་	དུས་རབས་	OTHER
བཅུ་གཉིས་པ་	བཅུ་གཉིས་པ་	NO_POS
འི་	གི་	PART
ཡས་མ་	ཡས་མ་	NO_POS
སུ་	སུ་	ADP
བྲིས་པ་	བྲིས་པ་	VERB
ཞིག་	ཅིག་	PART
ཡིན་པ་	ཡིན་པ་	AUX
ས་	གིས་	PART
།		PUNCT
སྐབས་	སྐབས་	NOUN
དེ་	དེ་	DET
ར་	ལ་	PART
བོད་ཡིག་	བོད་ཡིག་	NOUN
འགྱུར་	འགྱུར་	VERB
རྙིང་པ་	རྙིང་པ་	VERB
ན་	ནས་	PART
གསར་པ་	གསར་པ་	VERB
ར་	ལ་	PART
འཕོ་བ་	འཕོ་བ་	VERB
དང་	དང་	NO_POS
།		PUNCT
བརྡ་	བརྡ་	NOUN
རྙིང་པ་	རྙིང་པ་	VERB
ན་	ནས་	PART
གསར་པ་	གསར་པ་	VERB
ར་	ལ་	PART
འགྱུར་བ་	འགྱུར་བ་	VERB
འི་	གི་	PART
བར་བརྒལ་	བར་བརྒལ་	NO_POS
དུས་	དུས་	NOUN
སུ་	སུ་	ADP
ཁེལ་	ཁེལ་	NO_POS
ཡོད་	ཡོད་	VERB
སྟབས་	སྟབས་	NOUN
།		PUNCT
མ་དཔེ་	མ་དཔེ་	OTHER
འདི་	འདི་	DET
རྣམས་	རྣམས་	DET
ལ་	ལ་	ADP
མིང་ཚིག་	མིང་ཚིག་	NOUN
མི་	མི་	PART
འདྲ་བ་	འདྲ་བ་	VERB
དང་	དང་	NO_POS
།		PUNCT
བརྡ་	བརྡ་	NOUN
གསར་རྙིང་	གསར་རྙིང་	OTHER
འདྲེས་མ་	འདྲེས་མ་	OTHER
མང་	མང་	VERB
ཙམ་	ཙམ་	DET
མཆིས་	མཆིས་	VERB
ཀྱང་	ཀྱང་	PART
མ་དཔེ་	མ་དཔེ་	OTHER
ཇི་	ཇི་	NO_POS
མ་	མ་	PART
ཇི་བཞིན་	ཇི་བཞིན་	OTHER
བཀའ་	བཀའ་	NOUN
གདམས་	གདམས་	NOUN
གསུང་འབུམ་	གསུང་འབུམ་	NOUN
ཕྱོགས་སྒྲིག་	ཕྱོགས་སྒྲིག་	OTHER
ཐེང་	ཐེང་	NO_POS
དང་པོ་	དང་པོ་	ADJ
ར་པ་	ར་པ་	PART
ར་	ལ་	PART
བསྐྲུན་	བསྐྲུན་	NO_POS
ཞུ་	ཞུ་	VERB
ཟིན་པ་	ཟིན་པ་	VERB
ས་	གིས་	PART
འདི་	འདི་	DET
ར་	ལ་	PART
ཚིག་དོན་	ཚིག་དོན་	NOUN
གཉིས་ཀ་	གཉིས་ཀ་	OTHER
ར་	ལ་	PART
འཁྲུལ་བ་	འཁྲུལ་བ་	VERB
མི་	མི་	PART
ཡོང་བ་	ཡོང་བ་	VERB
འི་	གི་	PART
ཆེད་	ཆེད་	NOUN
སྲོལ་	སྲོལ་	NOUN
རྒྱུན་	རྒྱུན་	NOUN
གྱི་	གི་	PART
བརྡ་དག་	བརྡ་དག་	OTHER
དང་	དང་	NO_POS
བསྟུན་	བསྟུན་	NO_POS
ཏེ་	སྟེ་	PART
དག་པ་	དག་པ་	VERB
ར་	ལ་	PART
བཅོ་	བཅོ་	NUM
ས་	གིས་	PART
ན་	ནས་	PART
རྒྱ་	རྒྱ་	NOUN
ཆེ་	ཆེ་	VERB
འི་	གི་	PART
གཟིགས་པ་པོ་	གཟིགས་པ་པོ་	VERB
འི་	གི་	PART
སྤྱན་	སྤྱན་	NOUN
ལམ་	གམ་	PART
དུ་	ལ་	PART
པར་སྐྲུན་	པར་སྐྲུན་	OTHER
ཞུས་པ་	ཞུས་པ་	VERB
ཡིན་	ཡིན་	NO_POS
།		PUNCT
དཔལ་	དཔལ་	OTHER
བརྩེགས་	བརྩེགས་	NO_POS
བོད་ཡིག་	བོད་ཡིག་	NOUN
དཔེ་	དཔེ་	NOUN
རྙིང་	རྙིང་	NO_POS
ཞིབ་འཇུག་	ཞིབ་འཇུག་	NOUN
ཁང་	ཁང་	NOUN
ན་	ནས་	PART
།		PUNCT
		
